Symmetric,Right_Skewed,Left_Skewed
54.96714153011233,1.8330113513507695,57.527317631325694
48.61735698828815,1.1044881728507567,59.625874341618044
56.47688538100692,10.117841147041304,58.856819808372336
65.23029856408026,12.257949395115995,55.86209356594969
47.658466252766644,0.3209574673603211,43.77549390574354
47.6586304305082,27.521940544489087,51.51254257408687
65.79212815507391,0.5337048567900803,52.81190899011938
57.67434729152909,7.79350888095622,56.525837429633526
45.30525614065048,12.34640004061239,33.15367656413784
55.42560043585965,20.47703552454761,54.941369734253314
45.365823071875376,12.520674728720262,59.08878989883424
45.34270246429743,16.181158725967258,50.40106023790046
52.41962271566034,4.146827491464336,58.79144055129337
30.86719755342202,16.864545693479233,55.76539222576734
32.75082167486967,0.8350644975816266,52.91917970280254
44.37712470759027,22.52050318785216,39.267589977010836
39.87168879665576,7.931716828789295,53.19677075344047
53.142473325952736,16.998976096655188,47.8846948790749
40.91975924478789,6.020609719350464,10.639842580218897
35.87696298664709,10.316390017200888,58.59024834084018
64.65648768921554,7.473978139587696,56.787866169530986
47.74223699513465,13.152378349869206,54.98173635163525
50.67528204687924,0.8515489988895617,54.52115814478536
35.75251813786544,0.6225003131901508,54.70635122593717
44.556172754748175,2.8382715753991636,36.182526172880856
51.10922589709866,1.7381148651515006,47.481223838305745
38.490064225776976,20.540355570023983,50.637483323682474
53.75698018345672,2.474541581805539,56.29845010170601
43.99361310081195,37.24102809434093,42.63919006122289
47.083062502067236,4.108231243314293,28.97561606201844
43.98293387770603,2.010371039788529,42.78522189134934
68.52278184508938,15.592130975943475,59.98433668751958
49.86502775262066,10.750162053415186,49.882953149328785
39.422890710440996,6.8954510872343375,59.475108525049556
58.225449121031886,8.104982991156206,57.02123176777524
37.791563500289776,12.701189397289664,59.38630106418034
52.08863595004755,2.593599456867067,50.74175331871208
30.403298761202244,56.08631232047705,48.3975723455524
36.71813951101569,36.806399778900946,58.78411138543187
51.96861235869123,10.507530901325568,55.157532038506396
57.38466579995411,2.2257177846889333,53.907591142292105
51.7136828118997,11.401477952753687,55.39466551881261
48.843517176117594,0.7493737183429329,58.71001176335883
46.98896304410711,0.3113211652361948,54.570853358161195
35.214780096325725,2.9797875313889657,46.089823102719265
42.801557916052914,6.210553018734389,59.263452094927636
45.393612290402125,20.270199251908405,59.1642270443524
60.57122226218915,12.98902978817889,55.6184956126357
53.43618289568462,13.575379047493218,31.57405694472159
32.36959844637266,5.542435794074139,48.95653361159083
53.24083969394795,4.245485326894826,48.647134883003176
46.149177195836835,4.63685650547297,55.507084027101946
43.23077999694041,43.94063891516504,50.99433021426554
56.11676288840868,0.4093574204392867,59.89817146247457
60.30999522495951,20.17642991755739,49.89134690073958
59.31280119116199,8.643517413526624,35.548491404601876
41.607824767773614,5.773490810346596,50.51770956107157
46.907876241487855,12.919215674888704,39.30915886762456
53.31263431403564,6.66834303599214,47.12743207092839
59.75545127122359,20.66906341267767,58.71531862974003
45.2082576215471,23.096284796203747,36.72575884018226
48.14341023336183,5.476987013540247,59.312458382098626
38.93665025993972,3.241079070851419,52.36500154107153
38.037933759193294,8.973471219409092,58.466889897924844
58.125258223941984,24.345559395235988,59.88224327385518
63.56240028570823,2.3656089895002457,54.51759314356262
49.27989878419666,9.754214576995755,56.503847808096225
60.03532897892024,9.984780002255434,53.344670257768406
53.61636025047634,13.209300151268554,51.39144242907592
43.54880245394876,1.4106562970266043,59.55275533744087
53.61395605508414,12.5816490912711,58.68747956115318
65.38036566465969,23.972532062892448,51.82100160271753
49.64173960890049,1.9806456078014456,55.79673983808942
65.64643655814007,2.7120959168716197,46.93723161438542
23.802548959102555,35.54177038861511,49.4360877874829
58.21902504375224,1.996430547551579,41.317631005026314
50.870470682381715,19.26789767756658,48.207431358973025
47.009926495341325,6.778209425535491,54.38001991395994
50.91760776535502,2.8399696999437047,48.82306958894385
30.124310853991073,20.46006001744849,56.77890480019871
47.80328112162488,5.893373255599558,56.34264852119006
53.57112571511746,7.232298691011181,44.44173184149683
64.77894044741517,4.450899591778079,54.086518710843244
44.81729781726352,8.988213426850786,43.986277697306534
41.91506397106812,1.7855729761763137,42.716525657781276
44.982429564154636,4.960709063634735,40.511491677420544
59.15402117702074,34.87158041821144,35.15470449006823
53.287511096596845,2.985858804240062,54.36151129300191
44.70239796232961,10.692573845171028,56.16002575856853
55.13267433113356,3.933242043889271,51.27250570149917
50.9707754934804,14.84891690707165,55.3610181702741
59.68644990532889,1.4026677961013676,50.810202389247365
42.979469061226474,35.006104544243996,47.77232127630539
46.723378534022316,6.047509221647378,48.33948929325913
46.078918468678424,2.692535434977202,55.307114957592205
35.364850518678814,0.7633772255593707,58.17446174195184
52.96120277064576,1.8603794010459394,54.36951986402139
52.610552721798896,7.3349834542958146,58.461561050139
50.05113456642461,4.109850798051666,37.91842559462933
47.65412866624853,17.654098841221575,55.7553942382606
35.84629257949586,5.636771906855924,58.322204964748
45.79354677234641,2.8596923697585104,59.74222845603323
46.572854834732304,9.600989165734678,49.62043241979393
41.97722730778381,12.26822606959345,49.869166170031804
48.387142883339905,1.8277194768584681,55.83568732889258
54.040508568145384,1.8346527013076068,59.25586870223726
68.8618590121053,0.37360728009482735,54.729960518882535
51.74577812831839,13.33330120789834,56.27170274471717
52.57550390722764,10.90062525147099,48.69523476841299
49.25554084233833,6.436541696352927,50.69155753994164
30.812287847009586,18.589924906761503,55.465093134411084
49.73486124550783,16.381983211693512,57.542368507757516
50.60230209941027,8.803310136359215,15.741496906354698
74.63242112485287,20.270106265290025,53.948607275347065
48.076390352188774,2.3047185037057356,48.34368561480675
53.015473423336125,1.1869302139028457,58.48533917905318
49.65288230294757,3.14367805728108,53.35265917731079
38.31321962380468,0.5878110672996271,59.72077037577075
61.42822814515021,7.575140428339439,52.95882630529298
57.519330326867745,27.583812054019667,26.75280011487851
57.910319470430466,0.4013841640938223,55.15156055205258
40.906125452052606,1.3023387998311675,59.60223279225217
64.02794310936099,6.018432483019309,59.685549552741634
35.98148937207719,27.162086538759947,55.08998637369918
55.868570938002705,3.80025611056787,58.256169261488694
71.90455625809979,7.077225037713451,59.763709229187995
40.09463674869312,0.42461733001051694,45.885370958570896
44.33702270397228,1.6057165133641893,53.86545295546185
50.99651365087641,43.147510845333784,56.58572827170664
44.96524345883801,33.55804307819909,36.96582730678457
34.493365689338674,0.049522229738276156,58.76544576502135
50.68562974806027,30.326407986788155,28.782774518590255
39.37696286273895,10.19209613568501,56.231708645094734
54.73592430635182,20.243345669765105,38.071328644318925
40.80575765766197,6.064922690920095,50.76324879315228
65.4993440501754,7.24836068697771,42.472264486236156
42.16746707663763,6.710854995088599,18.640104039997176
46.77938483794324,10.992052370655834,56.59753035101388
58.135172173696695,1.5041745420945718,27.523263340403453
37.69135683566045,0.3043198091997127,55.06552670308378
52.27459934604129,3.6806808801378086,55.1303427679004
63.07142754282428,12.196983475408395,55.838978623695205
33.92516765438772,2.2546305443661034,52.2040650310612
51.84633858532304,11.19118409331979,58.325926200881135
52.598827942484235,35.0363039022921,51.93210357708433
57.8182287177731,0.9860639372178697,52.19758211910487
37.63049289121918,11.165790839045362,45.64927861693504
36.795433869157236,5.865378397571735,42.063389522915465
55.21941565616898,20.260316221935163,54.19393068454934
52.96984673233186,1.949810990586438,56.399862751710536
52.504928503458764,11.796898763803538,56.99793290957863
53.46448209496975,18.208708615976455,57.83554172889878
43.19975278421509,28.93432387380273,59.406240421916195
52.322536971610035,11.49636234984622,55.8076860158301
52.93072473298681,6.875126126115396,56.84949893294831
42.85648581973632,9.619348555509415,26.062532175703396
68.65774511144757,20.31832909367911,51.842131503458845
54.73832920911788,8.453890920690059,55.733975044828995
38.08696502797351,0.30858317733905194,51.31385476377427
56.5655360863383,26.72905507299173,58.50110742497855
40.253183297726785,11.696575360111503,54.12934326557097
57.87084603742452,11.28597543879489,50.15873794217988
61.58595579007404,2.4293199801802396,53.28814229020525
41.7931768164829,10.755369936680887,54.86205305144248
59.63376129244322,5.0065156489585885,9.089587360575393
54.12780926936498,10.533511356872365,38.77109999753203
58.2206015999449,1.1271306878269605,50.23412516193192
68.96792982653947,10.724923184658566,51.574768796188636
47.54611883997129,74.41722909704406,50.306763566800456
42.4626383564251,0.49412998894300686,57.752149674142146
41.10485570374477,37.798631125622286,54.97245478309803
41.841897150345616,5.224056824545973,59.5974083363424
49.228982905858956,20.46033461015753,53.5460237095642
53.41151974816644,15.250300569342926,52.16874316247026
52.766907993300194,8.370551059265525,57.415533945410544
58.27183249036024,13.411267858526585,26.749620281002237
50.13001891877907,21.079691009583396,35.980959826013574
64.53534077157317,5.177500786487027,47.193504664762045
47.35343166762044,3.9605922479100646,52.377457369340675
77.20169166589619,11.01396317172307,39.60016376817379
56.25667347765006,16.494578429710735,58.59987830923769
41.42842443583717,14.366833688205121,44.36921708571765
39.29107501938888,15.985654764477754,58.66673370447976
54.824724152431855,5.719624967418865,44.19097732825831
47.76537214674149,17.02838106385863,56.77357100208658
57.14000494092092,1.2807096265357145,39.03692374049551
54.73237624573545,7.86335628344283,31.168444536498363
49.271710873431275,0.05775305516253854,58.3889657478539
41.532062819315954,3.9242919094318784,53.788467205408836
34.851527753141355,4.564345626291861,20.37347786857029
45.53485047932979,5.0446703518866745,53.39499207512619
58.56398794323472,11.889765020311442,40.08221124734787
52.14093744130204,4.919353427114065,51.1149095307575
37.542612212880115,5.954645855639285,55.294683787196355
51.73180925851182,2.712106487319779,56.63430780939924
53.85317379728837,4.672104005506762,57.72819447091614
41.16142563798867,2.578250975330488,45.65362970783045
51.53725105945528,0.7601308825538722,55.11358957197624
50.58208718446,9.249495953184562,52.84043734385938
38.57029702169377,11.032614750710689,53.22085254591091
53.577873603482836,9.662437301484182,51.3895703882645
55.60784526368234,6.226776150169474,39.93235182086853
60.830512431752766,4.776903447798999,20.50309208664317
60.53802052034903,19.902127218947548,54.76453459751333
36.22330632042909,7.320580548015936,42.425322581026464
40.62174960084877,6.523543915152494,45.538376034974135
55.1503526720866,0.25976553942014474,51.477892041553375
55.13785950912209,4.174078814107976,28.753623348020653
55.150476863060476,4.783513648988052,57.762631282955496
88.52731490654722,5.0886551419799915,58.84292572180235
55.70890510693167,8.679110548652707,40.761118091072134
61.35565640180599,7.627171043528689,54.21698538052524
59.54001763493203,9.362513582748198,41.228861889674064
56.51391251305798,14.476731287868812,37.64230160712883
46.84730755359654,16.765704014851647,59.355067113124164
57.589692204932675,12.662847438313909,38.50438411929677
42.27174785462428,31.127987250042054,54.05214601331575
47.63181393259991,0.18400844582700027,52.85767091753894
45.14636452170897,2.1787991071251294,50.14915007914698
50.81874139386323,0.07591618531415689,33.91126040435225
73.14658566673509,10.426329264077516,59.80698830634414
31.32734807408252,22.830820100664766,53.52125436062177
56.86260190374514,2.7902934427777346,48.361384018663415
33.87284128810349,26.177691662237187,47.173195824548955
45.280681342105666,0.6215990193872064,48.20614334288892
60.889505969673664,27.24728923000118,58.55627044404691
50.64280019095463,4.3328247930653845,56.44188128690226
39.22255222070694,1.0694046139193687,55.55717877590665
42.84696290740032,6.652825488994116,43.68126237213478
56.79597748934676,2.967585630781719,56.73216850823368
42.69633368282864,3.3529499259166196,57.633849087637515
52.16458589581975,3.671437871612786,28.42971131049992
50.45571839903814,16.246830199654234,59.91097202327715
43.483996523941826,7.747071381382604,-1.2882299390408676
71.43944089325325,3.7296069575345254,48.70450145563247
56.33919022318011,9.424647609545124,42.3700698356163
29.74857413342393,12.593117246481015,56.5098224149508
51.86454314769428,3.1831174220804606,59.855812702619886
43.38213535231612,5.336663339591022,46.61087121565299
58.52433334796224,1.2997895952140053,42.03361063506599
42.07479261567299,1.9985356772213871,46.510933964519054
48.85263558533101,11.429336926261701,58.45857318289778
55.049872789804574,2.0020656148364724,45.99899076395746
58.657551941701215,7.447844997321001,45.34996652271984
37.997035929442234,12.345909994396855,49.25473752668119
46.654987641590516,1.1303088352047044,45.47070274307587
45.25054688839044,8.377388725681469,41.29707325321195
43.46670767426288,2.9647096009248415,50.491071756870696
67.65454240281096,32.94862971807926,59.07221427605084
54.049817109609556,6.607683713268071,53.31296016212378
37.391160456649544,16.39858717435359,59.19170203425675
59.17861947054776,7.990112499936112,54.76522965174665
71.22156197012633,0.44383049279866127,54.77259526949369
60.32465260551147,10.028059835743523,59.31710619426449
34.80630034045987,30.242005201247327,55.71030002700619
45.15765927133749,9.203284227538246,58.823440951219276
62.669111491866225,17.10302214707729,43.4851428992452
42.92330534381219,21.55946530154033,30.494700149380016
54.43819428146229,2.5887406583650026,59.24935366267544
57.74634053429337,2.3831409418015577,28.963437659313144
40.730695284219166,9.441270647095303,52.60648450611239
49.404746439382,5.293774323335772,56.43945323721398
17.58732659930927,18.317149821689238,59.20023375260428
39.756123586657104,23.02816353712856,53.05603503228606
47.4743184860684,4.3606047842351465,44.17615109802382
37.52216818035151,2.7032761460844306,47.7212214221635
66.32411303931636,15.165192957924488,59.48468770503953
35.69858622039367,3.213161227341658,59.24304175941747
45.599555133030165,17.29428925519035,54.84374068783912
51.30740577286091,5.511933007554102,56.50030390619951
64.41273289066116,11.012655032053702,57.355339082674405
35.6413784882056,1.0041201729112579,56.70099821544488
61.63163752154959,9.777920690653742,43.72994968843284
50.10233061019587,6.01056137962785,33.517074054565725
40.18491348952049,8.833601040666048,54.80633515822466
54.62103474263271,1.8393991492315793,36.3435793175711
51.9905969557347,13.351213047485327,56.121355359427504
43.99783122841205,19.862942632118777,53.52902114010476
50.69802084990019,2.4429032668853936,57.437791290272116
46.1468640313824,1.0061021126280096,49.77025538028455
51.13517345251248,0.23922459931573992,21.37666032023678
56.62130674521047,10.271426880495873,50.74938174189904
65.86016816145352,9.34184973323918,55.57122571393316
37.62184501173151,7.911954133835657,49.56394381524516
71.33033374656267,2.6389666294128884,58.68842155747689
30.479122004774982,4.957826650652052,38.04841564333694
48.482149049644164,9.02576047539322,53.00665817796765
55.883172064845766,6.867017149919159,54.033445880938984
52.809918677350325,44.05133163381326,51.184372394600395
43.77300480179406,1.466916126153273,50.19746946848173
47.918777496427246,11.879175624204636,59.25518012744335
45.06999065341167,5.180496008103994,48.5235327047562
44.106352430557884,5.589653256517158,57.2301823410849
58.496020970210246,12.64422861419053,47.484021387304665
53.57015485965047,11.790725753198146,42.71019286018281
43.070904047393455,47.3938680786437,43.7057105400452
58.995998754332504,1.374181241365831,51.959190969250976
53.072995208766095,1.0993725004065542,52.6567681995337
58.1286211883896,12.885827656735422,58.45827365035749
56.29628841923612,8.636672504679805,45.068054923625716
41.710049890779274,3.2042659245002616,56.833567308913935
44.39818959803031,0.8275068734779747,53.13440229100277
57.472936051232615,0.8955087106390793,56.65542003336258
56.10370265433465,22.46118512465589,58.56327805092704
49.79098406035852,2.1302903185996405,50.06942426524078
51.17327383308782,3.906329929475808,59.441362402740836
62.77664895788425,2.570318300956333,46.19110072081919
44.0842861116417,4.384992348104207,56.17880067446104
55.470973811700375,0.7195136073162983,59.99865297923597
47.97807347566106,7.320123220255348,52.84343087195555
47.8231879677278,0.7000684637744137,59.52015007638748
60.9877685198719,16.11222042159252,56.768018900902206
58.2541634898803,2.6619730768420604,47.72497574406677
58.135096360006386,7.765546911485947,59.35259195341173
63.05478807154329,21.209228164897418,41.715444357852135
50.21003841632759,10.523320404102641,59.96172762803604
56.81952971294964,7.613356325747317,57.165438269085044
46.89733243406544,3.9205604248414607,46.49443153688896
53.24166352488442,4.049681012238468,56.198076048802506
48.698569456323156,11.07109150569736,58.925346172562065
50.96995964992718,51.39496674707304,55.53347332435192
55.95157025436914,10.842337269652312,56.84750361511244
41.81779316766527,8.159555109679813,41.50323862862971
70.9238727568546,13.117455241928113,56.2407245470616
39.93982618500298,6.258729279824089,44.44422842268649
37.85811387212268,0.6202684348321754,37.75559092295971
61.581108735000676,8.26214260143961,54.31161327456704
57.91662693962936,31.612034272953352,35.926859268388036
56.24119817052155,1.9273916294070355,55.26280589440484
56.2834550926428,11.711987584682579,26.73583047831284
49.87753227153085,2.2431134374225796,59.06469758187639
41.02745628514168,7.674994260264465,48.38386355340012
50.75804558193726,1.016744837023609,53.19148831768847
43.22838288487888,5.985116578458807,55.09550686237487
59.75119733417751,14.112566585424567,49.98391332594672
48.52942618497861,4.2705376148545415,47.83086857364876
41.745028032074885,10.933612728760885,59.95627183508254
46.78614158347007,15.869426429163502,58.17334677628791
54.12931454275624,26.19734692704209,47.51566468731333
44.36275447196025,2.6741168771555563,49.02231114832528
41.77779604433569,5.096861329145348,26.17207058959459
52.436872114919126,1.653653453224028,45.685501422432594
52.44966571108723,48.90654962048055,29.886929116231208
44.9305682462887,26.173090971585722,47.87522797122912
45.289616943816775,7.764355987991227,56.461037509967355
52.32049937357636,18.453709920619715,58.88660621787964
35.51915658502676,7.359669552982862,44.775474238855196
35.92536225623445,9.770648486217308,49.667562025479754
42.81555778747564,0.933489795430218,59.50614345548458
47.86552848288153,14.076014351557388,55.53634041292243
53.10907565598005,1.366373352289071,28.580894874558854
64.75356216949552,17.490887349353393,53.0605020601165
58.576596232020194,15.233890670186652,54.330816249274505
48.40061470036573,12.33555069093609,53.88064802950001
49.80983792097311,0.3683036805155312,57.65690940747404
39.97470635362191,3.6115404005155014,55.4001454744083
49.8148686400761,3.0532013917912746,55.38260915547963
47.11341361079862,4.46500262019517,59.46224659263902
53.227185603380896,0.9172364057237763,45.4084402838695
41.727690564476774,27.63951300892074,54.6128157733623
55.193465142411725,8.069930187631815,42.73017160217102
65.32738913002578,3.6459812194760217,41.00557312261142
48.91239851543143,5.058074311065991,57.617503556459376
54.01711722098941,5.927636022426302,49.289440765286905
56.90143991711113,9.17777670220792,53.60807142239257
45.987795281141636,7.250082520454396,38.7842946069764
52.24092481810417,25.181570465176467,57.56984453033703
50.12592400781795,6.870925129207896,48.67376221616556
50.97676098548832,48.48263265360235,50.6413870215691
42.26990216144534,19.066651133282804,56.50014804609841
50.245101742589426,2.3383868383943187,58.531217575193125
54.979982912454496,26.677994605888543,49.454818364145716
64.51143607795042,1.2371277950994295,46.58306246214529
59.59270826085207,17.007295740107256,56.207473093398235
71.53182457511556,4.790416186670972,49.648339373195014
42.326524371119504,21.03523768243236,54.972567794186325
58.723206367206785,20.253829191556267,47.51005829167249
51.83342005738352,16.395126583574473,57.77836874293929
71.89802933217672,15.607926935642611,37.90768604727008
41.91701714644849,3.6338186959178675,56.611515072653816
41.602781578192236,0.8438132920074947,55.41472684811661
44.00607354555978,5.158049647422996,59.40152377156294
28.76104275690193,1.9058502336665755,58.81765623643289
44.74244978319239,11.87283150977474,52.74614912011594
42.40867338446302,4.248004262131063,56.885815327742755
51.50393786476208,37.13590302127083,41.952754922529934
53.41755975777159,10.243551145361243,59.851975943055585
68.76170839215887,17.286751754099377,55.234243443452925
59.5042383818605,1.4216820876655945,55.88498388658357
44.23096344337597,19.80606543336451,59.80483148330123
41.01585328651642,25.608014486161327,58.671901766954115
54.919191715065054,6.676001405482493,54.66174094524254
36.797667929793576,9.320465498249906,53.21022780766008
68.31458765854353,14.473607343318378,54.81999116760278
61.79440120721287,1.921763084545793,52.42980362486677
45.30824347895295,6.982925482163945,50.95806612036483
32.868654709091224,5.085998156695678,59.90026609541847
63.538723741654124,1.5826211104526102,53.76201330033381
48.85460154747382,4.5812948245673155,26.89577778990362
62.378163119734616,0.7060736270411021,52.68044878415174
34.05572341205633,0.26150879968812646,48.68216786776104
44.00624977046227,1.4521803232856358,56.2623142031012
50.05243699718183,32.999533399771074,45.128178693290025
50.46980593764742,7.974627665581229,45.1754057351032
45.49934528520756,33.76177831884106,52.63327073797243
56.228499323474985,5.665107910082499,22.697224154641553
39.32379570617405,3.736992283307041,58.65839592715625
48.576205149787064,7.055069747772997,59.82907079941533
51.20295631711899,5.789468906265483,45.296359160402176
55.14438834058749,1.1167450059839192,43.541286919340536
57.1161487808889,10.239492043974927,58.71931113121529
38.75357908162131,2.4339496199833066,56.913219356519654
34.65885829264378,9.665002845057638,59.82291767293535
62.77676821898509,10.503968393246197,56.528387841483436
53.323140119795916,1.6490395155444642,45.16569547871888
42.51513463443446,0.6331220895053138,52.7027072442793
65.51151975522524,15.175954932239302,55.72142656906659
51.156746342928585,6.158166220913863,55.35199936840635
61.792971840638266,0.5992390010381585,59.98645457305652
50.67518481410109,52.719319767366656,56.43609976088793
70.60747924881987,0.5951708142442368,49.602449134394824
67.55340842443204,11.875590135001513,23.428345457148204
47.51035851520926,41.15298077656953,41.22285001375309
59.71570950954356,2.7335861695714705,59.761222165844835
56.45375949585147,1.5344186123358494,37.11706250777741
63.68631557532349,1.2940840602400936,44.71227309289848
40.35076539419896,3.613647059411098,44.84161151651001
56.86051459998439,1.0652320355156149,53.87518547143554
60.58424486849588,11.781794699281834,54.92493374004805
32.41260513576886,0.6431646379952709,56.39151030017687
38.16741487334225,7.121712524346369,59.32047809365729
29.607678222398995,57.12879886799935,57.40924349566973
47.305931655554424,16.818487766767156,57.16836191499067
57.17542255795962,9.550820766198736,53.38202115440633
65.02357052096028,3.656488330869853,46.23876117393284
50.74094780419775,9.778891428190237,53.579074113843454
66.28615545571292,7.487475558795342,59.404151099375156
36.198985417851084,5.552711613166958,28.349065956032433
32.96617560644845,1.4007892586034512,31.401208376479563
49.44452301103381,21.768710598120474,44.62000764272082
53.840654489393074,5.974455297927822,12.52355516640057
49.67305251905907,2.164441820614136,52.1367922335371
29.325578999601234,4.584851833829353,27.094039202170997
49.10879960487212,5.34656934620134,59.2138414655083
36.95530499495147,17.575777510905333,55.44797100353723
56.69672548830039,13.228103228592783,57.44615670601409
53.66598246096848,14.666583261701918,57.820515754476915
40.60120213672645,0.11092560021533862,58.48243012628915
44.861330826633065,5.381180264409754,50.26044027608019
39.40786478111048,6.565147210381607,44.7984570887684
49.37320902726828,0.19378839466446302,51.36542677304173
59.551423205012384,3.008527040218263,58.410479843321745
40.14273953664456,14.28324681714378,43.33336654185346
55.040465155178445,1.4746771733388928,49.89523011782603
44.69742381627559,7.663850452648582,55.087062052222194
42.07127167737656,2.4232875607689377,48.78742342932932
48.929696400454425,0.1219483024877762,56.990233054012826
39.64757677580626,2.7601896185029933,55.76586465506037
44.46350694652818,37.24455023142878,35.052145980372956
38.021221074111516,16.171531579615472,56.56798867109536
69.6472513291639,32.08347550191233,53.65143862870106
50.35263551971729,6.69145624111168,37.9144119573825
43.00274492007414,1.1623745419519251,47.69952348156268
52.13979910734222,7.939834770016945,59.357779875259276
48.8767195030917,6.058276310869285,58.40648936595344
47.79030400466777,18.60190887399809,59.92127502276026
56.14166700043425,1.0323231608662382,50.03253293198509
57.57507710047305,6.699017356298462,54.063842129897665
44.69498852389472,1.6257618371792446,58.55812199409897
44.2418175935532,3.9256259501370443,28.314816566847778
47.24948302848356,13.369598780247909,52.457011453715374
26.98078835264415,6.462981932916177,57.230688696907954
34.84808937801448,4.714258964215926,53.05644947947484
63.66874267444525,5.016615401585782,48.61751473726744
66.44967713501283,6.151621609169232,59.20697865229949
47.50963960443622,15.37194201894464,56.78824823414907
55.765569630557664,22.264085163237468,43.55113697649148
53.112501545435364,31.085580630223,53.84434278442653
80.78880808455239,15.460096304556977,52.09069872394196
61.195749114345766,3.7893062560405126,54.329284831976885
48.72082408519233,11.651839346810204,59.55107291099843
40.44459559399574,5.755474933648939,58.187781025748066
33.93553679742428,2.9392904024897772,54.10236432577724
52.03463635867223,18.380437261905783,57.65308191750976
42.436492547156966,0.39184116743756053,59.48728780463873
35.77746290402326,23.203620930403723,41.443439536125695
43.534271157574736,6.189259348392796,20.264988968047604
39.18451996385605,10.139076313345575,44.24273063432258
66.87141635072564,10.769112357162623,40.77323397730522
58.816397569494505,22.549168980590206,57.22958277290789
49.92027358683383,10.124428920042712,27.65325645141212
64.79944138890026,9.517458641108721,57.80691953158622
50.77368307647618,0.689772007819054,29.752546817979486
41.38715798671736,7.306580419892182,7.371860680107048
65.23124077269657,1.6271777375662149,47.56167218315318
55.38910043684659,13.37251919142745,20.290901105735543
39.62753845673544,7.178947323254283,51.57099637440594
48.09661321916392,11.401463466715082,56.9951392750768
41.24381746615243,0.42566119416354353,54.255316570071905
36.172002690356635,0.8860393466847853,50.99678736238382
59.26177547531641,12.599203799829265,59.24110297786156
69.0941664047013,0.7481442963462634,50.26230396605049
36.01432426180859,0.7392292686901208,20.272797921246116
55.62969236690571,0.1218238000979597,57.89146058884666
43.49357430878173,31.350264862197893,44.26917563843755
45.12874616235304,13.375360430156608,36.15132761048743
44.07606075761131,4.357976357336992,31.22910964107504
41.36009230320184,3.5173798123009883,27.777283055518012
50.48521627944827,4.303264506668801,52.62985277943046
41.69049883588962,14.901161997316503,22.14261215140644
52.704568257798385,10.828490176285033,45.840287762758265
49.49761890550863,2.0480715510999965,58.23654825519144
47.6105195313359,1.912928814550219,53.5201716786168
40.92436337958402,1.035794911943395,47.32976721078748
44.23228669431667,10.797004100335128,57.15857900020204
57.55391225825756,14.455037992237159,49.766384475386474
55.009171876243805,3.079479495535903,49.015862544810375
40.22444755201449,0.21167418451615128,58.224274562014905
50.99332305429226,0.8574490745693609,51.67394612291342
57.51387123371789,34.37655002837343,45.23225367958604
33.305947188786284,3.5018856530362537,53.09059054840064
55.43360192379935,14.663040433040202,59.878230441122994
43.37376241054153,9.79932505488038,59.90920436149096
55.70598668593159,4.811691558293258,55.58343808179893
42.367408434574834,2.3027801895590354,33.93683822947598
31.95117899335481,1.2941008905710116,57.40352229036083
33.72457562116837,9.545456284794806,49.9388387494478
50.48084946661382,14.900285583409175,57.48873720269491
52.59722501721482,10.325556335637089,56.11878631453445
40.956833748955916,7.556656276864723,41.15848298245875
56.38592458777374,0.4285658730910904,46.948746943736026
33.3847993773104,34.57411529753554,58.99738376963331
49.33920201352684,16.030294488443598,54.40155649219821
37.889838002375434,3.464729286376472,59.703963401977475
43.48163892197841,39.10540572717218,53.443602453641944
50.47398671316414,9.2100580446948,49.140057331044545
41.39586634716048,8.732855020448504,58.738667465630414
46.154444557701744,13.786166282050145,56.590789676729656
60.0629280921444,16.70089533843877,54.9277351571715
44.23108130476851,10.685058907480496,34.8011643170289
58.35692112065142,1.3707566198038497,10.010439240976496
38.702931453423815,4.128938923155083,59.540489378183175
55.298041779152825,26.32251506424206,45.68675119699425
64.41568620657901,2.543963878709439,55.35224175694511
25.283554998727105,4.654811094126797,55.01665723115827
42.03104744529523,5.6576922671873096,45.96498549004658
55.7707212718054,5.78756540923333,34.93750007162828
47.96954613957007,9.491744805522318,29.85521213412794
53.71145873371309,28.660353837801956,51.393270565545365
43.960148132841795,2.7534872427418646,55.582009993505864
50.865897874729,1.2954093800495234,44.509556904229015
48.44322764607921,2.1998665189386477,57.10981857721227
61.67782061659807,21.79703081100552,51.69717159048226
52.54420843301213,10.379240810762278,55.559315881233466
53.37602662075202,3.367417778790184,49.31050177012206
45.881230338775325,16.925311877747205,57.25038131111491
45.123937759275066,19.759467391996953,57.87310432715557
45.67441812180379,18.741481279810756,34.96044018210313
53.944521423782966,25.12399543274232,58.926333812962085
45.79015519179737,2.906745724146154,52.94865441590182
52.89774856896413,14.066682208230555,57.50444731109475
70.75400798645438,6.171857078521143,59.60292006286134
58.711247034316926,18.451510870734516,59.633164943886726
46.73976467832159,13.037588019347568,58.07359256541673
62.012139221639444,14.981087538655927,39.84319018129277
45.91924626978449,10.675841906842091,56.68047293331951
29.61875464822146,1.9532019762394586,29.950418874642402
39.91913689082596,7.875170241922046,51.286293508261366
31.292080789741444,41.77926595016945,54.26209390184913
46.48486515958692,27.707993880074326,51.32287898805897
50.184183791895514,0.4413344611758607,52.72885641004913
66.76437312275283,1.8010180115075491,45.779696314506516
53.269273737641626,1.4125114015268525,56.68023151601274
47.80899471191136,12.94553854060387,55.64513127477373
58.294055811834895,17.025697806958462,37.54793772619479
27.88864690992115,2.4017700835005287,30.727388830558496
52.356145581085656,7.04921613839529,37.69193770802693
57.708651938869664,18.369850704778038,54.56224106502506
35.214137542201584,13.197636186471764,44.842095084484725
61.43754043206929,7.8140414495379495,53.53095487588318
53.38496407494414,8.924465045700323,53.117610500526304
45.847120860991986,7.10009650068406,57.70989133283955
56.32781866106285,3.531788500016205,51.056412364260055
72.70692857804396,8.324598074681555,57.940381225256694
51.81866255058495,11.675936310968124,55.97184330427082
52.48220586300336,20.661140751074527,40.68770154709645
45.40639100459756,10.114021548748545,57.679723400868966
41.50155630535208,14.318003795855258,59.26183062996974
58.303358165442454,1.7443867048912378,59.28495842931046
41.43916174091133,6.19074518666376,31.73427706716454
50.715662372193925,0.09375432164456157,52.92915265484201
45.223425532348834,2.832636673578669,54.733632501983365
54.78979825746392,12.963136856112857,43.34633958338167
53.33662105286948,48.048354408861385,41.93172001119031
60.375399442578995,1.0444770971109276,55.96246875937112
44.89983601145253,5.133192567214193,48.17077222833651
47.30125064706629,16.097928189017484,45.25430266940738
40.21236284217693,2.2820086126156376,49.368011276527795
45.55706739923888,8.098719123476156,58.35602748971951
53.77300493044852,13.207736825681355,39.13468717258052
57.56988616645352,9.570748371647657,52.25437639429076
40.77834675822375,2.0828540063345007,56.680560980595565
58.6960592010566,4.391013705229907,54.46217838812232
63.55637858804951,15.315133748939875,59.617049242972975
54.13434903223701,8.079443351961764,58.63186884153336
68.76795812558066,0.05243335834244976,45.4950092648786
42.26210800896427,14.312530668276239,59.999883651769494
37.55345296688583,0.359498773115542,54.61176349786729
32.212797510957216,13.69373461353044,52.607875590661266
64.96044311489183,2.2624906865187215,59.438164308435034
56.54365656354058,31.718367195597857,23.851824637212246
49.44415329089545,4.587721412896034,57.43654654816887
52.799686263198204,3.9590834430335637,56.3730882386583
38.74510952701623,1.6121160833511892,56.37676975276042
74.45751979616827,3.6471318634885725,57.38093969774605
51.292211819752275,20.92735612176639,59.98525090769615
51.09394794604893,56.08746230709056,46.93090428925313
57.25766623898692,4.593557682687801,25.934231810972513
54.810092317367136,5.953140605103695,57.46018969555789
52.23884024279131,12.803893712449097,49.121876065394126
42.09525544554688,21.73275679463014,46.45606058719376
54.714683571359956,8.990510286786167,41.13322771962965
68.82024496475034,4.968005994559315,54.507294206127746
63.454200461549775,5.320864431503373,56.39129257940651
65.93186626639397,11.894722687558444,56.065200806853646
44.88784323568815,0.03223453352234625,47.53045464007577
40.10395179741419,9.665039188925853,43.02935249369947
48.74213079900352,4.392696117297495,57.995788683583605
50.557249122886944,15.808374881107959,55.36469760033219
60.94191518470949,0.9760250898985603,36.778222508229675
33.07535370285181,8.872229893778368,43.56521631270629
65.29550319460614,6.557991618936114,18.096904613176235
48.419921014210104,10.281319964746448,45.96566561679959
45.7311893005258,0.6705217851068186,55.004518771163355
39.87895624739832,8.674619670881443,51.068449767000416
33.451433281342304,8.243603206028805,49.18202779587076
58.231705839619146,8.22481893100684,59.18295444545169
50.73317967188404,9.250481327074118,52.1364711364759
37.10039100258946,11.28457057823754,47.64464876643172
37.04921227936384,16.346993101159928,58.16892569687055
46.64215300709872,3.144651861262493,44.829966940258885
66.69021525289392,17.43251688811231,51.23476032853057
47.40408648636395,6.896646162596095,29.58814488889486
34.96857046881894,0.8018918746336913,59.566515894778874
47.54256935914056,0.6033502607505761,56.91671397190562
47.27276430252329,4.0682350836025485,50.798170048377564
23.031133570584284,15.366381893970082,56.48227430895365
49.45705133482188,12.299093840207842,47.46752339811241
47.69065469791322,15.540739964735977,45.770197350901526
56.96206364813418,7.282958332151881,58.91840053961406
68.48956094945345,5.801739118979032,52.787527564549244
61.26565029547757,1.5952638422688283,52.88911725010185
47.31111309445169,3.9778381533236526,55.391055238127436
38.934740912583294,5.6919541721923315,32.98058166232825
75.7335980324986,0.9277387160256173,42.42605319871918
50.59218434014488,2.49246221980613,48.0528625825162
50.13929291912946,9.118637804587609,47.470937961744504
49.758749128899964,13.305309069097008,53.80630755770724
51.98084760767855,64.05472880634143,34.61761924287963
48.556395880760576,27.047556044043155,48.13882086665791
44.26337993119763,10.288023098028724,46.94433422644717
44.53141058759608,5.468813099485978,40.21735729128428
49.672467297840015,10.110887957798544,56.796961230712256
44.56575228866235,15.401526347430927,43.54567464875401
42.871542173228356,1.2594446448603402,57.82788068100967
51.064302276918966,5.274715511697289,55.763577558339854
47.450227825791444,18.313465118380307,55.91113363729772
65.0399298858269,4.842371702849132,21.591123777473847
23.490301916069882,8.48333696210045,40.58320323627558
60.91506851922462,8.86172282531739,47.92120034015112
62.46085192497629,2.039247379503509,47.015085765797856
29.266097675918505,4.497860945489304,51.74297420315869
46.573124059196516,4.072336040886349,30.608244694907984
46.28559134004209,0.26545955214669614,53.14307458678944
35.924883052821784,0.24489191270530317,55.21128834317829
42.22183312409125,17.819896121391395,58.22026572059848
38.894241545341714,3.1892620643003506,44.5725928211688
67.52270443423623,7.299745937185206,46.74070718027798
59.35678393147461,3.5485599007989306,55.14915157150916
62.71555094994159,28.24796036158523,59.74483799045609
57.21672064043235,3.001552182005943,41.73665683889358
38.70948228782771,5.615170164185904,59.88516330895737
44.75479733720226,20.61446433115593,47.83617919339762
54.89374561227918,18.447398709821282,24.84834842060188
37.778721911080545,2.0591951269056197,54.24349008363041
57.12998430172388,16.227425772487937,57.32155318951293
47.59674601841865,6.128341464824549,47.79657235880202
46.251791924504026,6.596521975537925,43.010303989906745
57.10959968203491,1.4327005689790264,52.093936368110995
54.4426331148604,0.8403564207332337,25.87682763596917
46.3903383418092,13.017301014514391,59.469486119574384
61.59329803364248,6.8609441459685,52.97215331071426
39.189366724001026,5.742105041411313,47.32540752650222
56.15935606944264,13.075136013150379,40.14846507569321
55.93101257968384,14.503546989673852,58.02456439840045
46.904535606860094,1.7305443076039948,43.905446785959576
53.26133022242118,9.42186012916847,51.954584126001706
37.488864236146966,1.4543519952787474,54.94901806497221
59.24027019206901,13.918098878273495,58.58764689885507
48.15097863557011,10.698941006159439,39.95326289395745
44.772769794809605,31.376327859603244,58.28887536123689
60.49009225836889,0.7145090750853228,56.29243721777568
42.95656309457241,0.5874702682483747,56.57445559472279
35.91538703636441,3.3154629359486405,39.4884239629969
34.433708264760966,3.034127313563832,48.831127542738706
56.06009951345639,2.8366189629572727,44.07018941689359
37.19570647503717,23.671724742163093,57.11693867806774
67.54794181984364,2.8707718856360662,50.19506425023434
29.18070592116278,3.1738517565419477,51.51961237877464
66.96456368290038,14.24612253597161,42.11253725807083
52.11017467202618,5.973640988650571,36.346128987899256
49.032868881296075,14.992863982584597,59.877687305910285
44.550809131910505,0.6760043876192516,48.79080999110464
53.991361143520706,6.685934921037368,59.467724159537774
49.62365297575152,0.3419152493794983,52.040253926301105
61.03301882016521,0.6470195151063192,56.60838329430114
51.142276486620396,23.691251181454838,56.33597035470538
51.50301761461878,1.4994579904644503,55.646551503208826
46.36387787786144,7.601862810622099,50.290089948617386
49.43054376278933,5.294914219185614,55.93459365217166
53.07801768892059,4.267040555945366,46.806198960072315
32.89831607343375,23.009199370088268,54.81600121226171
36.518145778942866,0.2206504935500153,59.291984935864114
57.43264094022715,10.900183808326895,44.686343514166666
51.708654381279416,33.07554979468367,56.63466107048286
48.16016663647321,8.21362860280852,54.33015087339057
50.184339330653934,27.61806452919119,48.43407212968174
53.47581705361671,0.5367283829582405,55.95849791309502
44.60240319690639,5.426488522972961,59.417502961761016
42.216952745976876,3.0131834655068874,55.31721207147853
51.958452550976816,13.123785630731405,31.095537508319676
40.21627222384968,39.79076178841682,49.73519339328888
54.082527557144715,2.964269475836514,48.868450313049586
32.9741639576216,10.618212598300316,49.99560643263862
60.29155637325644,2.2076841513427965,57.781154820712274
54.72597482413043,8.331687421479582,54.58141354489108
52.56029734313876,6.234951681723219,46.099393619013256
59.82690983945514,35.75741130908115,58.931128779456365
66.65474444462576,9.378394280377334,56.74473750356705
60.1437006501813,4.300237767529106,56.76595258691898
31.591257686683548,1.2114644357562017,54.34332815954019
37.204230332642986,1.639868637214363,20.693678667203443
43.75181422304321,2.553012751408823,59.30111141503877
50.26091050210834,2.889717855613698,52.68733431294053
55.17659020469123,19.012354942631106,58.02323539324489
42.742561868465344,8.237634851167945,24.706324147742265
51.86766764477078,7.410586447854435,58.79747474844457
42.44617067646678,1.219065063412979,54.83154623220261
43.884821970080516,19.671111641550873,46.610281176322914
35.93338903151778,12.830676118738607,47.80729351296844
40.76766753889096,0.7006669271951631,54.5055717698009
36.48315394383666,12.304369006024542,55.7455027106818
40.241267470226674,7.842503006173839,54.93145848565874
60.536417966078396,0.8525874546966827,56.930994117299605
40.50601111168057,6.130441206067024,57.701679571286626
76.32382064837391,6.62998818414935,53.4021080813162
54.93317900880889,1.8125157762181645,56.87295794046065
51.84836123694874,29.13196927399496,56.610784353662865
41.41642219818787,18.96955808234685,49.30686100616816
57.003098794089915,11.05704390260218,25.410464306936845
44.24362173762226,6.204462396688857,50.74574673057333
51.220098146453616,5.306296717568441,59.198962011400546
75.60084538268795,10.526073343140585,59.21407325511449
49.0394010027535,7.8840747430379245,29.7539034256757
61.49273326285676,0.6429653002712655,56.4718788528164
42.96823574874112,7.184704219340354,59.03415323679193
49.65011509503038,16.419797883681323,50.86094952241176
67.7080063563551,6.1477949513223,50.22767528699416
43.730329422122324,0.5335497350844933,49.544407191768684
68.12448557996929,15.43080106811237,56.88841803330434
57.07751935455475,2.2484973368587404,59.84773986115109
44.37533224105732,2.9924309074837026,26.47153558792037
56.32407739055521,1.7997194341740164,57.11126490480734
59.7255444962673,4.007986104717142,48.72907097553839
56.21809962217196,14.136717478165162,47.73679775549924
34.297752801095434,7.326905335240429,50.5837244180818
42.728628241751316,2.2926383478708843,56.24713801515911
47.52481364448495,21.02342401265488,56.83786408967434
49.25566570899954,21.167850510798342,50.89521636779641
56.206720975506784,20.446801801024364,39.893705825060096
51.777010009332535,2.728541664069208,30.675480390574368
36.64655641289899,6.00092896432293,58.880558548425725
53.801978510059634,41.99015724929951,58.31784153136903
56.10585745283823,14.784643721827786,31.043617403010806
55.5979044793104,0.27543278636881524,46.66164386191277
60.807807255546216,0.6742758781911051,38.54471433655553
58.33922154548904,6.234930977710629,57.73560229450008
54.59180079228437,23.99318549653681,51.14272732735291
49.29834288541353,7.737105860039205,47.92221314428919
33.39039066484008,6.88781739048892,48.602160136508225
54.296182191325855,1.1146097451660444,54.754950884960564
52.076876871631114,10.693839431309623,59.84485376535585
52.715788371953735,17.265514506301997,51.25508248909329
37.232514241796906,4.787134619671843,57.08173967621485
39.189434595917376,14.943779183383716,54.017006266523
60.53152853332904,33.37565162052098,28.398407404994565
49.60444846143345,2.278627431134131,54.907808890302874
56.81500697372624,7.4093007770213575,41.686577264855586
50.28318376130461,3.384673668890539,57.91079068828704
50.297561394957455,15.743334432174741,48.83853385537027
59.382838059759976,8.617868409396449,22.274365243143357
44.83955271782626,10.067145178332758,58.925338235793724
50.96120776940983,15.990627194510662,59.91645253874755
45.377247112949576,5.041321959217804,54.315756431749314
45.65503772567684,24.661642126129657,59.0280000426139
46.908278765313604,7.614878374553812,46.20147447104239
52.22133771633713,1.7192161158931838,35.40191767103684
45.212513783365225,11.90395784496388,54.30801744278762
62.55756125573521,15.762998459239547,57.006344175046806
41.05392697780496,3.809115447957103,54.30125967466655
48.13128355838641,19.46164980513362,47.146442480439404
45.60268941725825,23.659856460311666,59.90904600392771
64.46977884353733,3.2421395957046437,51.09732727710522
51.965547765115744,41.05697122281739,50.49915422147854
60.31844539468635,1.5165059038050552,49.84749758646832
35.14439626963028,2.256663163146758,57.22898976973598
52.67050265869259,2.036165002675717,47.480521673676634
58.89630795623437,22.442191141841327,59.04159044394164
50.82283989275424,10.621623885347034,57.77768112410602
60.654803750653514,1.6499762625030379,39.006002382194794
44.82711549899628,5.803961948898719,46.578252913546706
64.0934744018558,9.552863355479618,59.86159101141074
72.9889812361925,0.8715402533365735,57.14480573516319
46.37161439560341,21.406054403422733,57.58684225741527
45.54497478599228,16.27619884453608,56.84184085730722
64.533844771177,7.036153280818361,57.15566285542877
65.79572145730712,34.150919230500875,59.35433429676685
44.771399728467316,5.408742270293948,53.85773944657865
45.798131829041424,41.42085376451174,46.80491103300729
47.18215391139493,11.02379371634689,50.66736734305083
36.555494889657226,10.069577094935209,48.82597265696853
40.81348053515802,1.8146779570663476,59.15368503171805
39.95859233247932,21.364586240880556,29.740000433659862
42.32202434895871,5.577245313502253,41.76800426841711
49.65315112613219,1.770157444826844,43.647810005118025
52.342147325365204,0.12687669122935624,42.684859463452696
65.50500492814076,8.204254417138756,33.01248806803616
40.016459592612094,7.495051146585031,52.14180432149965
59.843223984765835,12.70659844747094,57.76503864200653
47.86011155774491,22.096236057354282,50.408445432024216
49.50536290347567,0.827368001805495,46.41781813765164
56.74819492166604,13.148912937605925,46.609044676265995
38.772779784377015,2.0753099415526917,52.63007458803285
53.82409746184051,19.531758525685582,59.290852264129626
51.66452208213056,17.096092146110045,55.361964092437056
54.92451264008149,7.782558342991005,34.64642541296733
52.89168643907818,12.387119433120626,51.218502886269185
74.55300139910895,3.773881506113965,52.27090861965114
43.62260015748684,6.370842867894616,56.86858551414136
44.690030449981826,17.239339059589625,55.40423546446853
43.76859473575236,6.148263184240825,37.42903539940994
44.44522880839745,4.428527961865562,49.019983822539345
43.62612872693482,6.816385540848643,44.517182069250396
61.89016531107552,17.61710995267424,53.942308535787014
64.20504247989855,4.082811404643337,50.050793426449786
44.29253706250524,1.908719189412956,57.14470796803662
41.67644426895771,12.448434817352837,47.77656719396016
54.71415556386404,17.485747732848978,54.420804386776375
44.477769557190285,1.0606907609808842,54.156255800960245
56.32931817755511,2.742712183081353,49.52112218946796
52.029230208513,1.5311853406083515,32.46733452890261
34.84255885002768,4.276208615560561,59.33853416907701
65.47505201330061,5.984753479202122,42.58496834792848
67.95877673095522,13.816106944838227,56.54147551853865
43.87211309515614,10.531063255355015,54.13157870772103
46.122984400640156,9.70030615348931,59.77843008010531
52.85865390724905,4.34443371406971,56.418295414303614
53.34456789987025,18.416698450343084,53.015764385323706
56.5854427267283,6.373098440439261,59.42184347152045
70.1020453876635,38.68242416594891,53.24504646436026
48.2305277250595,10.055103770097727,33.81187548875422
42.01702755461546,1.3497785718102526,58.88628992909175
36.20680771985473,11.275599445107554,45.54207288261199
42.69069960058081,3.931966969196102,54.72924639202675
49.66873027126203,11.594048640248865,49.35285490879877
67.94557863517788,0.7218490506954433,56.985751290854346
44.823887009638284,1.9222819045912152,58.26250879604817
52.237879516388986,19.361190510181302,58.25095729871781
49.83577103927248,2.577085433067849,59.26900193399328
61.88393273448084,18.14257412112832,57.94639016322311
75.26932425873622,3.274991393787473,49.08702736213668
44.69131227079679,10.29688767750235,38.65547847741805
45.10560557481778,11.846623684296386,43.17315437338593
60.44160877069072,7.187824812885495,48.44390888363543
56.81891489626312,3.642905501889821,58.82980826189369
68.46707325736034,2.390752601646858,56.586534785155706
55.839281853259635,0.3375261921056072,56.29216170284037
46.40707909212941,3.623286119012093,57.12375330703798
55.90654830692309,10.5889974609222,52.76381942382673
61.087035805829075,27.85549445909374,52.330904170601556
58.204821811973645,20.495292660963994,55.58566762082742
55.07274031107298,14.52711024747378,55.63370551215168
60.666746895891535,15.532813434137013,42.36503749022913
61.692955904456724,10.935796839216732,44.42713983730922
63.82158991037527,3.0149281329727016,56.321256740432965
56.48709887589643,23.772550921950906,35.49048951497167
48.328819196831454,11.108842174200689,29.463204061539948
51.46713686433323,8.219824878863804,56.0437253021221
62.06508966508357,1.1764619788426465,55.62386192875813
41.83064329012764,5.924977233839371,52.9552054422914
53.686733088729014,6.168498248029955,31.677323955186473
46.06661187672639,19.992531918569643,39.09946889107213
50.28744822934817,7.910868989857644,58.917821141859456
62.78451862607299,4.786820564475785,55.01216999765953
51.910990680199035,37.63617160352339,51.939725685318265
50.46436548156149,1.1734379962675852,53.00568167215932
36.40143859020081,5.49130698651335,57.84498339991823
57.46253566027221,0.4293325830688141,40.42303263044147
56.45484181141075,13.467049496631457,48.70080361811944
71.6325472330546,25.01970031163878,41.80406483700559
46.92221765046999,3.2855591491401936,40.42674993194572
52.19150327663939,19.543372955128294,46.20260692830249
52.49383683710755,3.4561946791829934,54.21590152761923
65.77453279763475,24.165397846139708,50.5698854057295
49.047044676130476,14.022688916121695,58.25211510926697
52.790215257703395,16.342777671764384,48.80229187750443
56.078965097165394,0.18170646414164462,58.024593106060976
51.86609123156358,32.91724972436397,48.15994546297524
45.535663854494715,12.970790521646832,57.39156968889935
51.94089992898308,3.6348536139772296,58.749453776538374
60.73631749859772,17.684023716049076,58.19335681056951
39.7348470058894,3.3061907760731915,59.98005877840289
51.32969674146876,20.616317974144167,47.31525588153736
42.99879185060827,1.194373424810942,46.81734129016199
61.950466289248425,12.163355000441866,52.76531025372949
34.76813095216225,7.780483709672553,58.24022913159245
44.410781527284115,1.0151732152650952,59.12747498475979
53.772118750645205,2.7693183488830138,59.8068570768285
65.65524029234341,0.1248160847502802,58.18780023884932
49.34249738927012,6.325563766602819,37.84917092850365
44.44800473306802,3.5848409483719443,57.23538946838165
68.8115706944059,9.12192850415572,55.626241253989065
35.51986099583756,3.527367199452367,58.88682348589033
28.011940433799182,3.565593956246741,57.48506735338317
54.40014450053332,13.594312228270262,52.676449989808354
44.97945775647389,0.49340293239955363,50.6413727233826
39.787671828692865,23.319623621911788,57.18495720076213
57.08356447299353,19.123275316140763,59.405342872123185
52.43800713771199,11.02032179513412,55.04009014976624
44.359213692632714,8.994866400763401,57.331613582149444
37.19695601329106,22.284288904430557,57.52110370527977
58.724573282801444,2.0497237608398877,27.845482384939928
56.50201177958661,0.8226176032410242,50.421044518490035
49.00824136220617,2.737925400343189,51.86088848069055
68.46636996047665,15.82690235862734,54.62530726422025
39.29915233673847,0.35285543495326505,54.39731415536528
34.74474829075261,8.74205939219567,52.215018729801834
43.080919301187556,53.89888108860084,48.07857583076195
49.54413983644502,19.35833743835769,47.88847831664954
52.43339449322692,7.369855720088178,58.11627483773772
47.5876394214367,0.6575623215253151,53.06627289856916
53.520553965142966,17.800691543267394,54.690429333259274
37.48460575809556,9.137402575437054,39.55717346733381
64.4376460407326,1.2209192730281728,50.0190543227629
49.178488216074314,0.985584630744615,52.39635371492771
61.172958315881274,24.038077307843388,58.77386343206393
53.42725346377704,11.06242110688051,50.69514270867264
54.567532191537836,17.677703195224048,58.753389711946525
55.69767280232204,21.117903707549416,55.88708085631269
54.47708560017315,8.481003370649201,58.458670277325744
56.42722759867544,7.286631763115787,48.22105361683711
63.29152530132431,5.628690420945743,57.690106081205535
51.9652116970147,3.8118222011338316,55.02650870338315
57.09003757588512,5.702146898831338,37.3975787911287
49.102643057127736,14.86687924666726,57.71446361269847
64.40117215449473,9.211109078171102,52.91119570505031
43.2360769794073,22.30481105629336,54.5652779336576
68.00940432910815,5.85872523921944,59.81709706683435
49.59842049355657,9.341736287652889,44.26131365544076
35.69224897881952,9.977924596909265,59.28454688470628
51.28104414910789,8.957461306595128,53.57060985432476
43.18948342525119,12.127908125529778,51.77476679067347
58.406435489887244,2.7106551971661275,50.09991528935908
43.47376020697609,7.181855969024139,48.33221403942811
45.538165667852205,1.1006579347833083,57.079452030780054
31.104592690544692,4.8533873749905965,59.89971101635452
45.47693680750923,6.687806086687532,47.146592740106016
25.761206733710434,10.561974309192884,52.328690871273054
34.16097176514277,30.06410131231943,41.91393188687115
57.604146561442974,9.179197243331002,42.77458544668554
57.85800158650832,13.60992826356592,41.464108635320784
54.254575617849646,7.0575848885567725,53.362277990017304
40.33023856870787,10.054062247174016,55.94092200163011
49.5228864385802,0.7357357849613004,44.31904574168071
49.963974609094315,2.935547238851391,53.99807293967729
38.416353108074574,4.491867607094905,57.97342425284571
65.0339830176715,6.395938165672087,40.69157622826543
58.77362290575671,0.4672348400234121,38.58173335165302
47.79035826170336,1.508509105379972,53.720603239954926
50.26885838994531,3.2408925410334115,59.21281710312042
52.08382807947552,35.58998899231591,55.0926112996485
29.582651315757094,4.02490048644112,43.727154827505615
47.52822617479403,6.5785930262875105,36.79515376500233
43.180157520022014,2.18277550445643,57.72506071379915
39.983799901050844,9.436107251399159,59.30678204396365
47.18899707114045,3.294534279114121,39.01575797195857
67.97686526849523,2.319226985492502,55.06678712555374
56.4084286126701,7.268541893244206,52.19635681062864
44.28821010217203,0.05521011937309772,25.55921879470789
55.72582781356159,0.07693552270400301,59.311163426408726
